               epoch,      train/box_loss,      train/obj_loss,      train/cls_loss,   metrics/precision,      metrics/recall,     metrics/mAP_0.5,metrics/mAP_0.5:0.95,        val/box_loss,        val/obj_loss,        val/cls_loss,               x/lr0,               x/lr1,               x/lr2
                   0,             0.11743,            0.015975,             0.04019,           0.0010326,             0.11866,           0.0062147,          0.00073087,             0.10088,            0.019882,             0.03447,              0.0838,              0.0018,              0.0018
                   1,            0.092022,            0.019008,             0.03722,           0.0050176,             0.49665,            0.011988,           0.0027498,            0.080412,            0.021866,            0.034277,            0.066688,           0.0036878,           0.0036878
                   2,            0.074444,            0.019107,            0.034804,           0.0087701,             0.75136,              0.1552,            0.041411,            0.074658,            0.018544,            0.030716,            0.049563,            0.005563,            0.005563
                   3,            0.067353,            0.018969,            0.033629,           0.0090748,              0.8486,             0.12624,            0.047223,            0.071456,            0.017145,            0.029137,            0.032426,           0.0074258,           0.0074258
                   4,            0.064551,            0.017771,            0.033685,             0.48026,             0.14414,             0.23964,            0.073893,            0.061998,            0.018616,            0.028697,            0.015276,           0.0092759,           0.0092759
                   5,            0.057605,            0.016637,            0.032763,              0.2237,             0.25847,             0.28215,            0.077481,            0.061244,            0.016165,            0.027342,            0.009835,            0.009835,            0.009835
                   6,            0.057862,            0.016779,            0.031528,             0.19007,              0.2092,             0.25717,             0.12335,            0.065542,            0.013819,            0.025834,            0.009835,            0.009835,            0.009835
                   7,            0.052664,             0.01521,            0.032462,             0.25523,             0.44604,             0.35282,             0.12554,            0.054829,            0.015895,            0.025143,            0.009802,            0.009802,            0.009802
                   8,            0.047179,            0.014233,            0.032418,             0.30457,             0.59292,             0.39449,             0.13159,            0.050616,            0.015903,            0.026814,            0.009769,            0.009769,            0.009769
                   9,            0.045251,            0.014552,            0.032554,             0.29438,              0.5543,             0.37694,             0.13009,            0.049425,            0.015142,            0.025337,            0.009736,            0.009736,            0.009736
                  10,            0.044212,            0.012816,            0.030281,              0.3696,              0.6038,             0.46894,             0.25685,            0.040031,            0.013563,            0.025905,            0.009703,            0.009703,            0.009703
                  11,            0.044715,            0.012049,            0.031039,             0.41451,             0.67103,             0.49284,             0.23641,            0.042353,            0.013743,            0.024643,             0.00967,             0.00967,             0.00967
                  12,            0.042318,            0.011359,            0.030527,             0.40183,             0.60174,             0.46973,             0.20877,            0.043132,             0.01372,            0.023806,            0.009637,            0.009637,            0.009637
                  13,            0.038962,            0.011146,            0.029383,              0.3707,             0.75492,             0.52149,             0.21111,            0.038043,            0.012134,            0.023074,            0.009604,            0.009604,            0.009604
                  14,            0.038797,           0.0095778,            0.029156,             0.38426,             0.66562,             0.50322,             0.25458,             0.04538,             0.01038,             0.02168,            0.009571,            0.009571,            0.009571
                  15,            0.041166,           0.0090485,            0.027823,             0.45481,             0.66178,             0.54995,             0.27052,            0.037285,            0.010982,            0.021384,            0.009538,            0.009538,            0.009538
                  16,            0.037967,            0.008985,            0.027606,             0.40478,             0.71261,             0.53615,             0.30535,            0.035763,            0.011063,            0.021071,            0.009505,            0.009505,            0.009505
                  17,            0.038616,           0.0085333,            0.024993,             0.42155,             0.60497,             0.53041,             0.28422,            0.039494,            0.010794,            0.019739,            0.009472,            0.009472,            0.009472
                  18,            0.037531,           0.0082321,            0.025899,             0.42684,             0.66028,             0.55814,              0.2644,            0.044588,           0.0095885,            0.018972,            0.009439,            0.009439,            0.009439
                  19,            0.038569,           0.0081919,            0.023494,              0.5746,              0.6873,              0.6327,             0.28033,             0.04215,           0.0099092,            0.019526,            0.009406,            0.009406,            0.009406
                  20,            0.035787,           0.0079539,            0.023067,             0.57031,             0.69465,             0.59699,             0.35621,              0.0372,            0.010078,            0.021225,            0.009373,            0.009373,            0.009373
                  21,            0.037317,           0.0074206,            0.021446,             0.47244,             0.72606,             0.67874,             0.38983,            0.038589,             0.00919,            0.018539,             0.00934,             0.00934,             0.00934
                  22,            0.034112,           0.0076472,            0.020975,              0.5329,             0.71036,             0.67128,             0.44615,             0.03313,           0.0092004,            0.018661,            0.009307,            0.009307,            0.009307
                  23,            0.034628,           0.0067003,            0.018865,             0.56066,             0.61687,             0.59082,             0.31929,            0.038776,           0.0092254,            0.018771,            0.009274,            0.009274,            0.009274
                  24,            0.035663,           0.0069029,            0.017881,             0.59343,             0.64205,             0.61799,             0.37313,            0.034698,           0.0091291,             0.01916,            0.009241,            0.009241,            0.009241
                  25,            0.034021,            0.006307,            0.017799,             0.49753,             0.79778,             0.62189,             0.39199,            0.029862,           0.0089341,            0.019042,            0.009208,            0.009208,            0.009208
                  26,             0.03301,           0.0066156,            0.017113,             0.68289,             0.72312,             0.76279,             0.47682,            0.036406,           0.0088555,            0.015443,            0.009175,            0.009175,            0.009175
                  27,            0.034792,           0.0064895,            0.015502,             0.68004,             0.58443,             0.69095,             0.40776,             0.03873,           0.0089079,            0.016809,            0.009142,            0.009142,            0.009142
                  28,            0.033067,           0.0063015,            0.018929,             0.75929,             0.60489,             0.71184,             0.44727,            0.032868,           0.0093951,            0.020532,            0.009109,            0.009109,            0.009109
                  29,            0.032063,           0.0063669,            0.015697,             0.76444,             0.55716,             0.68526,             0.42125,            0.032544,           0.0086807,            0.025249,            0.009076,            0.009076,            0.009076
                  30,            0.031323,           0.0062559,            0.015699,             0.77449,             0.58767,             0.69719,             0.46933,            0.029736,           0.0084244,            0.020798,            0.009043,            0.009043,            0.009043
                  31,            0.031877,           0.0063121,            0.014907,              0.6704,             0.66234,              0.7579,             0.40496,            0.038085,           0.0080029,            0.015132,             0.00901,             0.00901,             0.00901
                  32,            0.033361,           0.0061703,            0.015421,             0.76491,             0.62932,             0.75989,             0.42518,            0.037595,           0.0079965,             0.01508,            0.008977,            0.008977,            0.008977
                  33,            0.034259,           0.0062411,            0.014811,              0.6034,             0.67224,             0.72319,             0.47852,            0.029375,           0.0081585,            0.016189,            0.008944,            0.008944,            0.008944
                  34,             0.02995,           0.0063137,            0.013832,             0.76325,             0.69466,             0.78475,             0.48359,            0.033765,           0.0078611,            0.014678,            0.008911,            0.008911,            0.008911
                  35,            0.031133,           0.0061644,             0.01313,             0.75927,             0.60314,             0.78397,              0.4886,            0.033164,           0.0083757,            0.015619,            0.008878,            0.008878,            0.008878
                  36,            0.030757,           0.0063418,            0.014471,             0.69715,             0.68571,               0.755,               0.516,            0.029102,           0.0081391,             0.01616,            0.008845,            0.008845,            0.008845
                  37,            0.030362,            0.005912,            0.013761,             0.71996,             0.67788,             0.72562,             0.51534,            0.028548,           0.0079163,            0.017198,            0.008812,            0.008812,            0.008812
                  38,            0.029482,           0.0056151,            0.012399,             0.71076,             0.63704,             0.75196,             0.46259,            0.029953,           0.0078369,            0.015356,            0.008779,            0.008779,            0.008779
                  39,            0.029125,           0.0062859,             0.01212,             0.54045,             0.79297,             0.76281,             0.48142,            0.028489,            0.007922,            0.016328,            0.008746,            0.008746,            0.008746
                  40,            0.028944,           0.0058743,              0.0123,             0.52647,             0.76437,             0.76472,             0.47177,            0.030769,           0.0084103,            0.017654,            0.008713,            0.008713,            0.008713
                  41,             0.02772,           0.0057361,            0.012774,             0.51524,             0.71763,             0.74461,             0.50269,            0.030229,           0.0078595,            0.016134,             0.00868,             0.00868,             0.00868
                  42,            0.028295,           0.0055344,             0.01165,             0.71394,             0.60478,              0.7499,             0.55782,             0.02906,           0.0086492,            0.015427,            0.008647,            0.008647,            0.008647
                  43,            0.031288,           0.0059453,            0.011012,             0.74651,              0.7069,             0.77891,              0.5407,            0.029998,           0.0080187,            0.013665,            0.008614,            0.008614,            0.008614
                  44,            0.027262,           0.0057188,             0.01206,             0.74911,             0.69411,             0.78827,             0.58658,            0.027284,           0.0074542,             0.01469,            0.008581,            0.008581,            0.008581
                  45,            0.028924,           0.0055274,               0.012,             0.73245,             0.71107,             0.77213,             0.50286,            0.031749,           0.0073021,            0.015181,            0.008548,            0.008548,            0.008548
                  46,            0.027719,           0.0058519,             0.01087,             0.66389,             0.67999,             0.73479,             0.50842,            0.027827,           0.0072871,            0.018968,            0.008515,            0.008515,            0.008515
                  47,            0.028876,           0.0054678,            0.010358,             0.53642,             0.70142,              0.6902,             0.45518,            0.028679,           0.0077306,            0.022055,            0.008482,            0.008482,            0.008482
                  48,            0.028537,           0.0056608,            0.010046,             0.67805,             0.64212,             0.69383,             0.50553,            0.025497,           0.0080932,            0.020629,            0.008449,            0.008449,            0.008449
                  49,            0.028474,           0.0055854,             0.01081,             0.59465,             0.64549,             0.67854,              0.4544,            0.027557,           0.0084518,             0.02068,            0.008416,            0.008416,            0.008416
                  50,            0.027377,           0.0056013,           0.0092201,             0.60533,             0.60974,             0.68649,             0.41672,            0.030389,           0.0078176,            0.021775,            0.008383,            0.008383,            0.008383
                  51,            0.028056,           0.0049157,           0.0098318,             0.69826,             0.70781,             0.74575,             0.52643,            0.024168,           0.0081591,            0.017096,             0.00835,             0.00835,             0.00835
                  52,            0.026333,           0.0057324,            0.012084,             0.67727,             0.67991,             0.71705,             0.53511,            0.026784,           0.0082729,             0.01617,            0.008317,            0.008317,            0.008317
                  53,            0.027881,           0.0051414,            0.010946,             0.63613,             0.69529,             0.71994,                0.51,             0.02403,           0.0072454,            0.021033,            0.008284,            0.008284,            0.008284
                  54,            0.026166,           0.0053909,            0.011016,             0.74707,             0.68176,             0.78406,              0.5715,            0.026317,           0.0075122,            0.014687,            0.008251,            0.008251,            0.008251
                  55,            0.027873,           0.0054179,           0.0091955,             0.70392,             0.71508,             0.76781,             0.51801,            0.027454,           0.0077543,            0.015831,            0.008218,            0.008218,            0.008218
                  56,            0.026789,           0.0055159,            0.009023,              0.6537,             0.65277,             0.73226,             0.48495,            0.025603,           0.0075807,            0.017956,            0.008185,            0.008185,            0.008185
                  57,            0.027276,           0.0054869,           0.0089451,             0.66814,             0.59631,             0.64729,             0.43965,            0.028469,           0.0070295,            0.026222,            0.008152,            0.008152,            0.008152
                  58,            0.025622,           0.0052891,           0.0097487,             0.59054,             0.72236,             0.73835,             0.51487,            0.027005,           0.0068345,            0.020609,            0.008119,            0.008119,            0.008119
                  59,            0.027783,            0.005188,            0.010064,             0.68311,              0.6874,             0.75847,             0.50354,            0.032187,           0.0071137,             0.02028,            0.008086,            0.008086,            0.008086
                  60,            0.027796,           0.0053673,           0.0092091,             0.70992,             0.65641,              0.7643,             0.50894,            0.029822,           0.0073581,            0.020904,            0.008053,            0.008053,            0.008053
                  61,            0.027197,           0.0052164,           0.0095557,             0.67692,             0.71081,             0.78561,               0.545,            0.026129,            0.007464,            0.017623,             0.00802,             0.00802,             0.00802
                  62,            0.025186,           0.0052248,           0.0093847,             0.70934,             0.70382,             0.77593,             0.57704,            0.027314,            0.008833,            0.014884,            0.007987,            0.007987,            0.007987
                  63,            0.026871,           0.0049851,           0.0090347,             0.64256,             0.68984,             0.68454,             0.50321,             0.02525,           0.0098969,            0.019636,            0.007954,            0.007954,            0.007954
                  64,            0.025432,           0.0055272,           0.0075412,             0.78932,             0.63354,             0.74682,             0.49368,            0.025411,           0.0076637,            0.019091,            0.007921,            0.007921,            0.007921
                  65,            0.025946,           0.0052368,           0.0081248,             0.79624,             0.65806,             0.78125,             0.54255,            0.026582,            0.007515,            0.016026,            0.007888,            0.007888,            0.007888
                  66,            0.024851,           0.0051026,           0.0084962,             0.84021,             0.62371,              0.7944,             0.56035,            0.023601,           0.0071814,            0.016881,            0.007855,            0.007855,            0.007855
                  67,             0.02432,           0.0048625,           0.0089717,             0.77644,             0.64752,             0.77584,             0.56058,            0.025646,           0.0077038,            0.017266,            0.007822,            0.007822,            0.007822
                  68,            0.023729,           0.0048081,           0.0084159,             0.76919,             0.72692,             0.80359,             0.58948,            0.027862,           0.0076387,            0.016662,            0.007789,            0.007789,            0.007789
                  69,            0.024294,           0.0052276,           0.0068314,             0.81454,             0.67598,             0.83293,             0.62443,            0.025704,           0.0071028,            0.015751,            0.007756,            0.007756,            0.007756
                  70,            0.022806,           0.0051555,           0.0081568,             0.81011,              0.6351,             0.81665,             0.58283,            0.026119,           0.0081299,            0.016522,            0.007723,            0.007723,            0.007723
                  71,            0.024561,           0.0054042,           0.0073507,             0.67867,              0.7489,             0.83176,             0.58171,            0.028939,           0.0079355,            0.014615,             0.00769,             0.00769,             0.00769
                  72,            0.026364,           0.0050912,           0.0064381,              0.8338,             0.62579,             0.80672,             0.57468,            0.032684,            0.008504,            0.020133,            0.007657,            0.007657,            0.007657
                  73,            0.024566,           0.0049912,            0.007033,             0.82605,              0.6744,             0.81877,             0.59247,            0.030422,           0.0086633,            0.016912,            0.007624,            0.007624,            0.007624
                  74,            0.023236,           0.0051902,           0.0080701,             0.76416,             0.58483,             0.69627,             0.51894,            0.029772,            0.010059,            0.024649,            0.007591,            0.007591,            0.007591
                  75,            0.023798,           0.0047558,           0.0067764,             0.67099,             0.63339,             0.66824,             0.47385,            0.028909,            0.011618,            0.023104,            0.007558,            0.007558,            0.007558
                  76,            0.022762,           0.0049156,           0.0077534,             0.74994,             0.58116,             0.72682,             0.51696,            0.028559,            0.010656,            0.020561,            0.007525,            0.007525,            0.007525
                  77,            0.023297,           0.0048969,            0.010276,             0.73787,             0.64867,             0.79956,             0.60807,            0.025259,           0.0071919,            0.018174,            0.007492,            0.007492,            0.007492
                  78,            0.022816,            0.004828,             0.00921,             0.76213,             0.61341,             0.75232,             0.53397,            0.026864,           0.0066408,            0.023404,            0.007459,            0.007459,            0.007459
                  79,            0.022866,            0.004699,           0.0081196,             0.71268,             0.66775,             0.75549,             0.57121,            0.024594,           0.0066163,            0.022743,            0.007426,            0.007426,            0.007426
                  80,            0.024333,           0.0049094,           0.0079199,             0.71846,             0.71236,             0.75367,             0.54655,            0.022959,           0.0069011,            0.022207,            0.007393,            0.007393,            0.007393
                  81,             0.02426,           0.0049971,           0.0063625,             0.73363,             0.63938,             0.76456,             0.56677,            0.023869,           0.0069356,            0.022601,             0.00736,             0.00736,             0.00736
                  82,             0.02497,           0.0051185,             0.00671,             0.62847,             0.72412,             0.75772,             0.55336,            0.025003,           0.0074264,            0.024073,            0.007327,            0.007327,            0.007327
                  83,            0.025088,           0.0048564,           0.0061147,             0.76432,             0.66018,             0.77193,             0.55877,            0.023289,           0.0072696,            0.019084,            0.007294,            0.007294,            0.007294
                  84,            0.023901,           0.0049577,            0.006474,             0.69727,             0.64248,             0.73235,             0.52996,            0.026216,           0.0076921,            0.022572,            0.007261,            0.007261,            0.007261
                  85,            0.023428,           0.0049672,           0.0070549,             0.75133,              0.6499,             0.75295,             0.54769,            0.021685,           0.0079949,            0.020688,            0.007228,            0.007228,            0.007228
                  86,             0.02176,           0.0046093,           0.0060072,             0.74765,             0.60651,             0.72865,             0.54681,            0.023057,           0.0070391,            0.023878,            0.007195,            0.007195,            0.007195
                  87,            0.022009,           0.0044876,           0.0064829,             0.70005,             0.68124,             0.75978,             0.58228,            0.023955,            0.006721,            0.020447,            0.007162,            0.007162,            0.007162
                  88,            0.023742,           0.0046767,            0.005498,             0.74311,             0.66727,             0.78686,             0.55872,            0.023116,           0.0069291,            0.016265,            0.007129,            0.007129,            0.007129
                  89,            0.022711,           0.0044481,           0.0063421,             0.81269,             0.65255,             0.80602,             0.62303,            0.023013,           0.0070287,            0.012813,            0.007096,            0.007096,            0.007096
                  90,            0.022777,           0.0048465,           0.0059015,             0.81678,             0.63988,             0.78553,              0.6133,            0.021227,           0.0078555,            0.014186,            0.007063,            0.007063,            0.007063
                  91,            0.022924,             0.00467,           0.0061196,              0.8384,             0.65999,             0.76915,             0.58089,            0.025354,           0.0077265,            0.015298,             0.00703,             0.00703,             0.00703
                  92,              0.0227,           0.0050136,           0.0059938,             0.76222,             0.64757,             0.75023,             0.56464,              0.0218,           0.0080618,             0.01734,            0.006997,            0.006997,            0.006997
                  93,            0.021834,           0.0045487,           0.0059707,             0.70263,             0.65221,             0.73723,              0.5633,            0.022764,           0.0090574,            0.018531,            0.006964,            0.006964,            0.006964
                  94,            0.021347,           0.0045585,           0.0075862,             0.66712,             0.69043,             0.71962,             0.54421,            0.023178,           0.0086607,            0.023484,            0.006931,            0.006931,            0.006931
                  95,             0.02329,           0.0047164,           0.0064462,             0.74401,              0.6244,             0.73335,             0.53813,            0.022701,           0.0087991,            0.016819,            0.006898,            0.006898,            0.006898
                  96,            0.021618,           0.0046363,           0.0056514,             0.71091,             0.60288,             0.71979,             0.51886,            0.023279,           0.0088418,            0.018479,            0.006865,            0.006865,            0.006865
                  97,            0.022548,           0.0046434,           0.0056812,             0.80404,             0.58329,             0.73947,             0.55351,            0.027109,           0.0083883,             0.01895,            0.006832,            0.006832,            0.006832
                  98,            0.023464,           0.0050826,           0.0055055,             0.81439,             0.62399,             0.78526,             0.62379,            0.021959,           0.0080408,            0.015671,            0.006799,            0.006799,            0.006799
                  99,             0.02032,           0.0044336,           0.0059427,             0.68923,             0.76279,             0.79538,             0.61087,              0.0215,           0.0075976,            0.015397,            0.006766,            0.006766,            0.006766
                 100,            0.020319,           0.0045427,            0.005892,             0.72428,             0.71945,             0.76093,             0.58885,            0.023405,           0.0075623,            0.020635,            0.006733,            0.006733,            0.006733
                 101,            0.021116,           0.0045574,           0.0043937,             0.79054,              0.6913,             0.81569,             0.61771,            0.021958,           0.0067752,            0.017713,              0.0067,              0.0067,              0.0067
                 102,             0.02234,            0.004698,           0.0052732,             0.80233,             0.65802,             0.78462,             0.61393,            0.021013,           0.0076985,            0.016984,            0.006667,            0.006667,            0.006667
                 103,             0.02181,           0.0045722,           0.0049329,             0.81266,             0.66648,              0.7785,              0.5391,            0.022371,           0.0079836,            0.017389,            0.006634,            0.006634,            0.006634
                 104,            0.022068,           0.0043493,           0.0054576,             0.80281,             0.63522,             0.77162,             0.53804,            0.023585,           0.0080559,            0.017592,            0.006601,            0.006601,            0.006601
                 105,            0.021749,           0.0046521,           0.0061085,             0.86256,             0.59648,             0.78783,             0.61476,             0.02295,           0.0076415,             0.01838,            0.006568,            0.006568,            0.006568
                 106,            0.021433,           0.0041943,            0.005983,             0.76584,             0.70033,             0.79143,             0.58242,            0.023142,            0.007546,            0.016266,            0.006535,            0.006535,            0.006535
                 107,            0.022042,           0.0047397,           0.0051818,             0.72593,             0.70957,             0.79557,             0.62118,            0.021319,             0.00724,            0.015661,            0.006502,            0.006502,            0.006502
                 108,            0.021063,           0.0042618,            0.005642,             0.78363,              0.6528,             0.78574,             0.59216,            0.022198,           0.0074324,            0.016405,            0.006469,            0.006469,            0.006469
                 109,            0.021081,           0.0044928,           0.0047381,             0.71964,             0.72497,             0.78442,             0.59332,            0.022282,           0.0077954,            0.016695,            0.006436,            0.006436,            0.006436
                 110,            0.020661,           0.0043504,           0.0051114,             0.69057,             0.67134,             0.76393,             0.56565,            0.022216,           0.0082242,            0.017249,            0.006403,            0.006403,            0.006403
                 111,            0.020618,           0.0045439,           0.0045798,             0.76767,             0.65141,              0.7832,             0.57128,            0.023128,           0.0075656,            0.017376,             0.00637,             0.00637,             0.00637
                 112,            0.021098,            0.004523,             0.00478,             0.75518,             0.66278,             0.76871,             0.55066,            0.022414,           0.0078557,              0.0174,            0.006337,            0.006337,            0.006337
                 113,            0.021227,           0.0044805,           0.0034385,             0.74466,             0.68545,              0.7623,             0.58817,            0.021517,           0.0077358,            0.019193,            0.006304,            0.006304,            0.006304
                 114,            0.019768,           0.0044584,           0.0047653,             0.75221,             0.64636,             0.75109,             0.55873,            0.022116,           0.0076264,            0.020356,            0.006271,            0.006271,            0.006271
                 115,            0.020003,           0.0046354,           0.0064226,             0.73486,             0.64188,             0.75424,             0.59052,            0.020798,            0.007355,            0.021586,            0.006238,            0.006238,            0.006238
                 116,            0.020836,           0.0042209,           0.0044543,             0.71715,             0.63111,             0.75143,             0.58192,            0.019816,           0.0072072,            0.022752,            0.006205,            0.006205,            0.006205
                 117,             0.01995,           0.0042219,           0.0049564,             0.72771,             0.68522,             0.76009,             0.58587,            0.021849,           0.0085231,            0.019166,            0.006172,            0.006172,            0.006172
                 118,            0.020578,           0.0045448,           0.0048557,              0.7168,             0.74505,             0.77679,             0.58529,            0.020662,           0.0079602,            0.017874,            0.006139,            0.006139,            0.006139
                 119,            0.020313,           0.0041424,           0.0043244,             0.74805,             0.64873,             0.75398,             0.59626,            0.018462,           0.0079945,            0.022513,            0.006106,            0.006106,            0.006106
                 120,            0.020247,           0.0045995,           0.0039608,             0.77461,             0.66827,             0.78303,             0.61748,            0.020697,           0.0082628,            0.020449,            0.006073,            0.006073,            0.006073
                 121,            0.021632,           0.0044097,           0.0040537,             0.77075,             0.68024,             0.79082,              0.6124,            0.020876,           0.0091465,              0.0169,             0.00604,             0.00604,             0.00604
                 122,            0.018725,           0.0042594,           0.0051725,             0.80991,             0.65706,             0.76816,             0.59474,            0.021401,           0.0092141,            0.016163,            0.006007,            0.006007,            0.006007
                 123,            0.019326,           0.0040953,           0.0037213,             0.76515,             0.72791,             0.77205,             0.57189,            0.021322,           0.0075583,            0.016386,            0.005974,            0.005974,            0.005974
                 124,            0.019561,           0.0041099,           0.0041222,              0.7421,             0.71642,              0.7652,              0.5779,            0.023215,           0.0071234,            0.016965,            0.005941,            0.005941,            0.005941
                 125,            0.020607,           0.0043536,           0.0031616,             0.73129,             0.70832,              0.7551,             0.57543,            0.019912,           0.0072221,             0.01804,            0.005908,            0.005908,            0.005908
                 126,            0.019401,           0.0042541,           0.0042728,             0.77995,             0.70092,             0.78273,             0.57746,            0.019988,           0.0071346,            0.018118,            0.005875,            0.005875,            0.005875
                 127,            0.019304,           0.0040569,           0.0029739,             0.81391,             0.64434,              0.8122,             0.61367,            0.022181,           0.0071252,            0.018072,            0.005842,            0.005842,            0.005842
                 128,            0.019589,           0.0040577,             0.00398,             0.79242,             0.64943,             0.80182,             0.62945,             0.01984,           0.0074971,            0.018109,            0.005809,            0.005809,            0.005809
                 129,            0.019686,           0.0039093,           0.0054493,             0.79476,             0.66169,             0.79115,             0.63925,            0.018716,           0.0073953,             0.01744,            0.005776,            0.005776,            0.005776
                 130,            0.018727,            0.004378,           0.0039466,             0.79399,             0.70891,             0.79902,             0.61963,            0.019439,           0.0072491,             0.01782,            0.005743,            0.005743,            0.005743
                 131,            0.019374,            0.004315,           0.0032356,             0.85225,             0.67963,              0.8144,             0.62339,            0.022035,           0.0075754,            0.015127,             0.00571,             0.00571,             0.00571
                 132,            0.019236,           0.0044858,           0.0030553,              0.8385,             0.66691,             0.80493,             0.61557,            0.023468,           0.0076534,            0.015247,            0.005677,            0.005677,            0.005677
                 133,            0.019453,           0.0041042,           0.0033937,             0.81083,             0.69124,              0.8084,             0.60548,            0.023769,           0.0074213,            0.016602,            0.005644,            0.005644,            0.005644
                 134,            0.018411,           0.0041094,           0.0024008,             0.80869,             0.73482,             0.79992,             0.60436,            0.021318,            0.007676,            0.017689,            0.005611,            0.005611,            0.005611
                 135,            0.018518,           0.0038057,           0.0048742,             0.76941,             0.74035,             0.80842,             0.62372,            0.022179,           0.0076911,            0.016374,            0.005578,            0.005578,            0.005578
                 136,            0.019613,           0.0041057,           0.0027855,             0.76581,             0.74527,             0.79642,             0.60136,            0.021975,           0.0078216,            0.017785,            0.005545,            0.005545,            0.005545
                 137,            0.018781,           0.0039684,           0.0043695,             0.73707,             0.74103,             0.77627,             0.58917,            0.022396,            0.007903,            0.018003,            0.005512,            0.005512,            0.005512
                 138,            0.020213,           0.0044961,           0.0034419,             0.72875,              0.7346,             0.77774,             0.58466,             0.02094,           0.0082681,            0.017291,            0.005479,            0.005479,            0.005479
                 139,            0.018425,           0.0039332,             0.00377,             0.75583,             0.71059,             0.79727,             0.59996,            0.022011,           0.0084031,            0.017255,            0.005446,            0.005446,            0.005446
                 140,            0.017771,             0.00418,           0.0040567,             0.82302,             0.67479,             0.80055,             0.61726,            0.019194,           0.0082302,            0.017563,            0.005413,            0.005413,            0.005413
                 141,            0.018785,           0.0040617,           0.0026952,             0.76925,             0.71073,              0.8043,             0.62671,            0.020475,           0.0079038,            0.018481,             0.00538,             0.00538,             0.00538
                 142,            0.017755,           0.0042185,           0.0036911,              0.7435,             0.70563,             0.80878,             0.64526,            0.019343,           0.0077286,            0.018485,            0.005347,            0.005347,            0.005347
                 143,            0.017553,           0.0037387,           0.0039134,             0.73245,             0.72747,             0.78943,             0.60651,            0.020911,           0.0074568,            0.018683,            0.005314,            0.005314,            0.005314
                 144,            0.018077,           0.0041465,           0.0036226,             0.75461,             0.65625,             0.79862,             0.60251,            0.021392,            0.007899,            0.018117,            0.005281,            0.005281,            0.005281
                 145,            0.017566,            0.004279,           0.0032609,             0.79847,             0.61063,             0.78695,             0.63182,            0.020048,           0.0076036,            0.018482,            0.005248,            0.005248,            0.005248
                 146,            0.017218,           0.0040246,           0.0038516,             0.82552,             0.60078,             0.78177,             0.62862,            0.019977,           0.0069636,            0.019239,            0.005215,            0.005215,            0.005215
                 147,            0.017706,           0.0039799,           0.0025419,              0.7187,             0.72714,             0.75507,             0.59409,            0.020136,           0.0071324,            0.019954,            0.005182,            0.005182,            0.005182
                 148,            0.017745,           0.0041688,           0.0043243,             0.79405,              0.6509,             0.75986,             0.58346,            0.023367,           0.0068149,             0.01927,            0.005149,            0.005149,            0.005149
                 149,            0.019103,           0.0038997,           0.0030826,             0.82036,             0.65694,             0.77652,             0.61877,            0.018964,           0.0071316,            0.019186,            0.005116,            0.005116,            0.005116
                 150,            0.018331,           0.0042383,           0.0038193,              0.7659,             0.70529,             0.76745,             0.59958,            0.019998,           0.0078845,            0.020489,            0.005083,            0.005083,            0.005083
                 151,            0.017381,           0.0038469,           0.0027403,             0.77753,             0.72553,             0.78633,             0.62635,            0.019774,           0.0079997,            0.019363,             0.00505,             0.00505,             0.00505
                 152,            0.017089,           0.0040444,           0.0037646,             0.73782,             0.69013,             0.76214,             0.59948,            0.019556,           0.0080863,            0.021212,            0.005017,            0.005017,            0.005017
                 153,            0.017846,           0.0038467,           0.0038495,             0.79072,             0.65586,             0.77148,             0.60144,            0.020533,           0.0079931,            0.019743,            0.004984,            0.004984,            0.004984
                 154,            0.016801,           0.0040326,           0.0034457,             0.80951,             0.66326,             0.78515,             0.61556,            0.018947,           0.0073192,            0.019153,            0.004951,            0.004951,            0.004951
                 155,            0.017311,           0.0041585,           0.0030333,             0.73422,             0.57933,              0.6725,              0.5328,            0.022698,             0.01226,            0.021146,            0.004918,            0.004918,            0.004918
                 156,            0.017444,           0.0039636,           0.0038907,             0.75885,             0.65422,             0.73917,             0.59133,              0.0193,           0.0091847,            0.019338,            0.004885,            0.004885,            0.004885
                 157,            0.017519,           0.0040424,           0.0033907,             0.77065,             0.63856,             0.73295,             0.58545,            0.019405,           0.0084875,            0.021042,            0.004852,            0.004852,            0.004852
                 158,            0.017324,           0.0039783,           0.0034045,             0.73794,             0.62937,             0.71599,             0.57636,            0.019156,            0.008776,            0.020786,            0.004819,            0.004819,            0.004819
                 159,            0.016685,           0.0039032,           0.0030882,              0.7055,             0.73806,             0.75781,             0.59911,            0.019853,           0.0081341,            0.019145,            0.004786,            0.004786,            0.004786
                 160,            0.016283,           0.0039302,           0.0040062,             0.77376,             0.67259,             0.74276,             0.58981,            0.019237,           0.0089021,            0.018703,            0.004753,            0.004753,            0.004753
                 161,            0.016232,           0.0036114,           0.0041251,             0.74088,             0.68208,             0.74567,             0.59573,            0.018684,           0.0074306,            0.020791,             0.00472,             0.00472,             0.00472
                 162,            0.016529,           0.0040228,            0.003222,             0.74045,             0.71988,             0.76131,             0.60282,            0.019627,           0.0082568,            0.019823,            0.004687,            0.004687,            0.004687
                 163,            0.017081,           0.0039763,           0.0028207,             0.75643,             0.71583,             0.77851,             0.63675,            0.018163,           0.0077499,            0.019117,            0.004654,            0.004654,            0.004654
                 164,            0.018124,           0.0040827,           0.0033885,             0.80076,             0.68211,             0.77296,             0.61909,            0.017992,           0.0077449,            0.020513,            0.004621,            0.004621,            0.004621
                 165,            0.017034,            0.003796,            0.002632,             0.76564,             0.66472,             0.75151,             0.62035,            0.017806,           0.0078539,            0.023023,            0.004588,            0.004588,            0.004588
                 166,            0.016086,           0.0036754,           0.0029948,              0.7985,             0.63562,             0.73979,             0.58965,            0.019038,           0.0080906,            0.024057,            0.004555,            0.004555,            0.004555
                 167,            0.016272,           0.0038856,           0.0035828,             0.74523,              0.7156,             0.75618,             0.61331,            0.018347,            0.007797,            0.021743,            0.004522,            0.004522,            0.004522
                 168,            0.017519,           0.0038149,            0.003487,             0.80637,             0.63163,             0.75625,             0.60966,            0.018017,           0.0081021,            0.021568,            0.004489,            0.004489,            0.004489
                 169,            0.016514,           0.0040377,           0.0039437,             0.75034,             0.65565,             0.73977,             0.59513,            0.018936,           0.0080896,            0.021874,            0.004456,            0.004456,            0.004456
                 170,            0.016397,           0.0037267,           0.0023582,             0.70907,             0.72921,             0.76655,             0.60326,            0.019784,           0.0076983,            0.020672,            0.004423,            0.004423,            0.004423
                 171,            0.016371,           0.0037343,           0.0025965,             0.74959,             0.75431,             0.80664,             0.63587,            0.018357,           0.0076393,            0.016862,             0.00439,             0.00439,             0.00439
                 172,            0.016596,           0.0040264,           0.0018469,             0.78519,             0.60803,             0.79597,              0.6277,            0.018254,           0.0078005,            0.019747,            0.004357,            0.004357,            0.004357
                 173,            0.016859,           0.0038504,           0.0028203,             0.66529,             0.71943,             0.79851,              0.6363,            0.017807,           0.0073597,            0.019591,            0.004324,            0.004324,            0.004324
                 174,            0.015056,           0.0036069,           0.0024691,             0.73016,              0.6824,             0.79549,             0.61474,            0.018919,           0.0075029,            0.018848,            0.004291,            0.004291,            0.004291
                 175,            0.016019,           0.0035985,           0.0020317,             0.83504,             0.57294,             0.77149,             0.61756,            0.019048,           0.0077108,            0.020661,            0.004258,            0.004258,            0.004258
                 176,            0.016044,           0.0041116,           0.0019439,             0.83238,             0.58363,             0.77783,             0.61605,            0.018873,           0.0077161,            0.020517,            0.004225,            0.004225,            0.004225
                 177,              0.0154,           0.0039753,           0.0023104,              0.7674,             0.65815,             0.79295,             0.63538,            0.020601,           0.0077852,            0.019586,            0.004192,            0.004192,            0.004192
                 178,            0.015713,           0.0038664,           0.0033404,             0.87399,             0.57507,             0.78634,             0.64837,            0.017417,           0.0080694,            0.019929,            0.004159,            0.004159,            0.004159
                 179,            0.015084,           0.0037599,           0.0020784,             0.77328,             0.64688,             0.78514,             0.62887,             0.01855,           0.0086382,            0.019096,            0.004126,            0.004126,            0.004126
                 180,            0.016522,           0.0035511,           0.0017222,              0.7129,             0.71307,             0.79806,             0.63716,            0.018558,           0.0085286,            0.018442,            0.004093,            0.004093,            0.004093
                 181,            0.015851,           0.0038863,           0.0028045,             0.74555,             0.71735,             0.81091,             0.65115,            0.017916,             0.00804,            0.017308,             0.00406,             0.00406,             0.00406
                 182,            0.015429,           0.0036524,           0.0031126,             0.76064,             0.74222,             0.81844,              0.6683,             0.01672,           0.0080291,            0.016627,            0.004027,            0.004027,            0.004027
                 183,             0.01501,           0.0036648,           0.0024829,             0.74401,             0.75721,             0.81033,             0.63941,            0.018743,           0.0082522,             0.01658,            0.003994,            0.003994,            0.003994
                 184,            0.014866,           0.0036499,            0.002422,             0.75001,             0.75731,             0.81374,              0.6547,            0.018989,            0.007907,            0.016241,            0.003961,            0.003961,            0.003961
                 185,            0.015365,           0.0038009,           0.0023723,              0.7642,             0.74712,             0.80721,             0.64524,            0.018318,           0.0081625,            0.016227,            0.003928,            0.003928,            0.003928
                 186,             0.01493,           0.0035901,           0.0020966,             0.75151,             0.69732,             0.75169,             0.61592,            0.018756,            0.010211,            0.016924,            0.003895,            0.003895,            0.003895
                 187,            0.015015,           0.0035644,           0.0030753,              0.7529,             0.73414,             0.79587,             0.64808,            0.017379,           0.0087455,            0.017105,            0.003862,            0.003862,            0.003862
                 188,            0.015375,           0.0034544,           0.0019875,             0.70596,             0.73444,             0.78551,             0.64112,            0.018404,           0.0089152,            0.017153,            0.003829,            0.003829,            0.003829
                 189,            0.015162,           0.0035273,           0.0029029,             0.81394,             0.57424,             0.71619,             0.57709,            0.019139,            0.011836,            0.018693,            0.003796,            0.003796,            0.003796
                 190,            0.014776,           0.0035273,           0.0039094,             0.83898,             0.52472,             0.70982,             0.57657,            0.022423,            0.011389,            0.018827,            0.003763,            0.003763,            0.003763
                 191,            0.015179,           0.0037941,           0.0028814,             0.78498,             0.62093,             0.74183,             0.60533,            0.021335,            0.010066,            0.018205,             0.00373,             0.00373,             0.00373
                 192,            0.014516,           0.0040106,            0.002319,             0.78349,              0.7396,             0.80555,             0.65037,            0.018854,           0.0071514,             0.01667,            0.003697,            0.003697,            0.003697
                 193,            0.014653,           0.0038122,           0.0025257,             0.80396,             0.74058,             0.82272,             0.66133,            0.017446,           0.0071125,            0.016577,            0.003664,            0.003664,            0.003664
                 194,            0.014871,            0.004021,           0.0026829,              0.7902,             0.71845,             0.81406,             0.64739,            0.017227,           0.0074497,            0.017161,            0.003631,            0.003631,            0.003631
                 195,            0.014612,           0.0036173,           0.0021548,             0.79363,             0.70468,             0.80975,             0.64632,            0.017336,           0.0076621,            0.016898,            0.003598,            0.003598,            0.003598
                 196,            0.014496,           0.0034826,           0.0025547,             0.76007,             0.75045,             0.80894,             0.65475,            0.017083,           0.0076373,            0.017174,            0.003565,            0.003565,            0.003565
                 197,            0.013882,           0.0035666,           0.0026022,             0.77214,             0.71876,             0.79408,             0.63706,             0.01683,           0.0080436,             0.01763,            0.003532,            0.003532,            0.003532
                 198,            0.014914,           0.0036857,           0.0020243,             0.72668,             0.65145,              0.7477,             0.61353,            0.017416,             0.01046,            0.017236,            0.003499,            0.003499,            0.003499
                 199,            0.015025,           0.0035944,           0.0035367,             0.75114,             0.63033,             0.74845,             0.60716,            0.017865,            0.010551,            0.017071,            0.003466,            0.003466,            0.003466
                 200,            0.014843,           0.0039338,            0.001877,             0.75894,             0.67672,             0.79631,             0.63492,            0.017597,           0.0085451,            0.017237,            0.003433,            0.003433,            0.003433
                 201,            0.014826,           0.0037702,           0.0023161,             0.77197,             0.74567,             0.80491,             0.65437,            0.018106,           0.0077682,            0.016955,              0.0034,              0.0034,              0.0034
                 202,            0.014076,           0.0035945,           0.0019204,             0.76129,             0.74017,             0.80448,             0.65971,            0.017133,           0.0077392,            0.018242,            0.003367,            0.003367,            0.003367
                 203,            0.013784,           0.0036402,           0.0022901,             0.83567,             0.61702,              0.7833,             0.63825,            0.017553,           0.0089053,            0.017885,            0.003334,            0.003334,            0.003334
                 204,            0.014202,           0.0037093,            0.002077,             0.74547,             0.73937,             0.81133,             0.66053,             0.01786,           0.0075021,             0.01766,            0.003301,            0.003301,            0.003301
                 205,            0.014053,            0.003937,           0.0025372,             0.76899,             0.75129,             0.81031,               0.654,             0.01951,           0.0075561,            0.016993,            0.003268,            0.003268,            0.003268
                 206,            0.013915,           0.0036028,           0.0022398,             0.76116,             0.77347,              0.8111,             0.66336,            0.017655,           0.0078563,            0.016575,            0.003235,            0.003235,            0.003235
                 207,            0.014351,           0.0033727,           0.0018884,             0.76507,             0.74994,             0.80256,             0.65834,            0.016782,           0.0080211,            0.016893,            0.003202,            0.003202,            0.003202
                 208,            0.014262,           0.0035895,           0.0022053,             0.81003,             0.65197,             0.77349,             0.63021,            0.017757,           0.0096477,             0.01717,            0.003169,            0.003169,            0.003169
                 209,            0.013956,           0.0036911,           0.0013341,             0.70736,              0.7239,              0.7756,             0.62781,            0.017064,            0.009252,            0.017308,            0.003136,            0.003136,            0.003136
                 210,            0.013818,           0.0035819,            0.002396,             0.71269,             0.72597,             0.77647,             0.62338,            0.017319,           0.0090026,            0.017653,            0.003103,            0.003103,            0.003103
                 211,            0.013598,           0.0034519,           0.0019898,             0.72679,               0.734,              0.7796,             0.62575,            0.018384,           0.0089109,            0.017268,             0.00307,             0.00307,             0.00307
                 212,            0.013096,           0.0035718,            0.001783,             0.79385,             0.67969,             0.79186,             0.62854,            0.017934,           0.0085308,            0.016584,            0.003037,            0.003037,            0.003037
                 213,            0.013609,           0.0033882,           0.0022751,             0.81062,             0.63547,             0.75776,             0.61394,            0.018352,           0.0099557,            0.017701,            0.003004,            0.003004,            0.003004
                 214,            0.014054,           0.0035482,            0.001669,             0.75532,             0.71728,             0.78868,             0.64055,            0.016567,            0.008621,            0.018144,            0.002971,            0.002971,            0.002971
                 215,            0.013523,           0.0035253,           0.0024778,             0.76611,             0.67173,             0.76969,             0.63101,            0.017063,           0.0095526,            0.018585,            0.002938,            0.002938,            0.002938
                 216,            0.012718,            0.003497,           0.0023321,             0.75319,             0.69411,             0.77256,             0.62956,            0.017165,            0.008968,            0.018713,            0.002905,            0.002905,            0.002905
                 217,             0.01333,           0.0036448,           0.0020685,             0.80877,             0.66513,             0.80278,             0.64825,            0.017087,           0.0072035,            0.018944,            0.002872,            0.002872,            0.002872
                 218,            0.012989,           0.0033975,           0.0019929,             0.79243,             0.71002,             0.80385,             0.66119,            0.016806,           0.0073482,            0.018629,            0.002839,            0.002839,            0.002839
                 219,            0.013835,           0.0035308,           0.0013722,             0.76705,             0.74839,             0.81444,              0.6584,             0.01656,           0.0072819,            0.017318,            0.002806,            0.002806,            0.002806
                 220,            0.013464,            0.003461,           0.0019671,             0.80894,             0.71437,              0.8018,             0.65663,            0.016742,           0.0073861,            0.017275,            0.002773,            0.002773,            0.002773
                 221,            0.013728,           0.0036749,           0.0016826,             0.76318,             0.75641,             0.79882,             0.64317,            0.017926,            0.007706,            0.016947,             0.00274,             0.00274,             0.00274
                 222,            0.012965,            0.003237,           0.0022901,             0.78357,             0.74407,             0.80151,             0.65183,            0.018757,           0.0080106,            0.016716,            0.002707,            0.002707,            0.002707
                 223,            0.013278,           0.0032392,           0.0015722,             0.77025,             0.75932,              0.7949,             0.64602,            0.017096,           0.0089184,            0.016639,            0.002674,            0.002674,            0.002674
                 224,            0.013034,            0.003382,           0.0019576,             0.76549,             0.73246,             0.79215,             0.63991,            0.018085,           0.0091009,            0.016356,            0.002641,            0.002641,            0.002641
                 225,            0.012882,           0.0033625,           0.0011813,             0.81583,             0.68881,             0.80345,             0.65215,            0.016357,           0.0084786,            0.016886,            0.002608,            0.002608,            0.002608
                 226,            0.013163,           0.0031004,           0.0020604,             0.78099,             0.71286,             0.79531,             0.64926,            0.017508,           0.0085588,            0.017455,            0.002575,            0.002575,            0.002575
                 227,            0.012528,           0.0035701,           0.0014992,             0.75214,             0.72847,             0.79278,             0.65104,            0.016795,           0.0085807,            0.017626,            0.002542,            0.002542,            0.002542
                 228,            0.012841,           0.0033785,           0.0016245,              0.8267,             0.64586,             0.78662,             0.64458,            0.016616,           0.0087953,            0.018373,            0.002509,            0.002509,            0.002509
                 229,            0.012639,           0.0033611,           0.0022363,             0.83889,              0.6302,             0.77182,             0.63532,            0.016921,           0.0091952,            0.018863,            0.002476,            0.002476,            0.002476
                 230,            0.011603,           0.0032488,            0.001475,             0.74992,             0.71872,             0.79026,             0.64606,            0.016855,            0.008722,            0.018628,            0.002443,            0.002443,            0.002443
                 231,            0.012099,           0.0034115,           0.0016128,             0.76876,             0.72493,             0.79126,             0.63744,            0.017794,           0.0086015,            0.018901,             0.00241,             0.00241,             0.00241
                 232,            0.012951,           0.0033566,           0.0018189,             0.76738,             0.74524,             0.79771,             0.65747,            0.016141,           0.0081385,            0.017752,            0.002377,            0.002377,            0.002377
                 233,            0.012288,           0.0032552,           0.0013099,             0.75726,             0.74695,              0.8001,             0.66147,            0.016785,           0.0080261,            0.017452,            0.002344,            0.002344,            0.002344
                 234,            0.012468,           0.0034317,           0.0015939,             0.77568,             0.73004,             0.79454,             0.65895,            0.017253,            0.008533,            0.017216,            0.002311,            0.002311,            0.002311
                 235,            0.012563,            0.003348,           0.0011563,             0.77294,             0.73441,             0.79868,             0.65755,            0.017476,           0.0083841,            0.016828,            0.002278,            0.002278,            0.002278
                 236,            0.013816,           0.0034371,           0.0015295,               0.759,             0.73157,             0.79936,             0.65722,            0.017282,           0.0084566,             0.01731,            0.002245,            0.002245,            0.002245
                 237,            0.012224,           0.0032578,           0.0017728,             0.85293,             0.62387,             0.80787,             0.67162,            0.016589,           0.0080759,             0.01706,            0.002212,            0.002212,            0.002212
                 238,             0.01247,           0.0033994,          0.00089421,             0.83648,              0.6529,             0.81172,             0.66836,            0.016938,            0.007905,            0.017033,            0.002179,            0.002179,            0.002179
                 239,            0.011724,           0.0030666,           0.0014836,             0.88234,             0.60444,             0.79961,             0.66648,            0.016928,           0.0080968,            0.017409,            0.002146,            0.002146,            0.002146
                 240,            0.011726,           0.0032415,           0.0016519,             0.79531,             0.67215,             0.79114,             0.66316,              0.0169,           0.0079651,            0.017918,            0.002113,            0.002113,            0.002113
                 241,            0.011925,           0.0031621,           0.0011888,             0.79611,             0.67784,              0.7979,             0.65805,            0.016653,           0.0078803,            0.018485,             0.00208,             0.00208,             0.00208
                 242,            0.011939,           0.0032722,           0.0014902,             0.69715,              0.7063,             0.79239,             0.64842,            0.017172,           0.0084168,            0.017411,            0.002047,            0.002047,            0.002047
                 243,             0.01206,           0.0032231,           0.0011697,             0.79949,             0.66496,             0.80022,              0.6561,            0.016156,           0.0082445,            0.017102,            0.002014,            0.002014,            0.002014
                 244,            0.011636,           0.0032768,           0.0025646,             0.82101,             0.70701,             0.80636,             0.66776,            0.015802,           0.0083031,            0.017935,            0.001981,            0.001981,            0.001981
                 245,            0.012389,           0.0034082,           0.0013689,             0.78189,             0.64352,             0.73487,             0.60541,            0.019215,            0.011882,            0.020185,            0.001948,            0.001948,            0.001948
                 246,            0.011111,           0.0029365,           0.0011689,             0.79037,             0.58381,             0.71749,             0.59921,            0.018942,            0.012442,            0.021052,            0.001915,            0.001915,            0.001915
                 247,            0.011437,            0.003246,           0.0014774,             0.78021,              0.6247,             0.73137,               0.616,            0.017473,            0.011756,             0.01982,            0.001882,            0.001882,            0.001882
                 248,            0.012404,           0.0033212,           0.0014527,              0.7919,             0.66404,             0.75758,              0.6356,            0.016474,            0.010357,            0.019528,            0.001849,            0.001849,            0.001849
                 249,            0.011792,           0.0031049,           0.0010693,             0.81378,             0.69534,             0.79563,               0.657,            0.016612,           0.0088856,            0.020024,            0.001816,            0.001816,            0.001816
                 250,             0.01176,           0.0032629,           0.0013826,              0.8213,             0.67682,             0.79488,              0.6596,            0.016204,           0.0089269,            0.019722,            0.001783,            0.001783,            0.001783
                 251,            0.011663,           0.0031286,           0.0016681,             0.84751,             0.64079,             0.77902,             0.64809,            0.016258,           0.0092049,            0.018866,             0.00175,             0.00175,             0.00175
                 252,            0.011015,           0.0030433,           0.0013027,             0.84945,              0.6422,             0.77614,             0.64897,            0.016185,           0.0090391,            0.018947,            0.001717,            0.001717,            0.001717
                 253,            0.010799,           0.0033431,           0.0010487,             0.85668,             0.63225,              0.7731,              0.6515,            0.015807,           0.0087768,            0.019004,            0.001684,            0.001684,            0.001684
                 254,            0.011911,           0.0032855,           0.0016837,             0.80112,             0.68323,             0.77183,             0.64369,            0.015509,           0.0084911,            0.018505,            0.001651,            0.001651,            0.001651
                 255,            0.011044,           0.0031025,           0.0013031,             0.81531,             0.67832,             0.79492,             0.67326,             0.01577,           0.0083102,            0.018183,            0.001618,            0.001618,            0.001618
                 256,            0.010392,           0.0031677,           0.0011192,             0.80445,             0.68168,             0.80473,             0.67053,            0.016332,           0.0081246,            0.017907,            0.001585,            0.001585,            0.001585
                 257,            0.011267,           0.0030983,           0.0011407,             0.77962,             0.71748,             0.80658,             0.67348,            0.015743,           0.0081704,            0.018389,            0.001552,            0.001552,            0.001552
                 258,            0.011603,           0.0032503,          0.00097828,             0.79008,             0.72014,             0.80361,             0.66901,            0.016611,           0.0083023,             0.01861,            0.001519,            0.001519,            0.001519
                 259,            0.010956,           0.0031953,          0.00099084,              0.8047,             0.67694,             0.80637,             0.66371,            0.016244,           0.0083271,            0.018613,            0.001486,            0.001486,            0.001486
                 260,            0.011187,           0.0030339,           0.0011368,             0.76518,             0.72767,             0.80351,              0.6692,            0.015924,           0.0083174,            0.018743,            0.001453,            0.001453,            0.001453
                 261,            0.011174,           0.0029901,           0.0011763,             0.85072,             0.63506,              0.7997,             0.65591,            0.015999,           0.0083243,            0.018878,             0.00142,             0.00142,             0.00142
                 262,            0.010648,           0.0031709,            0.001001,             0.89459,              0.5921,               0.786,             0.65677,            0.015887,           0.0089742,            0.019137,            0.001387,            0.001387,            0.001387
                 263,            0.010966,           0.0031811,           0.0010984,              0.8374,              0.6329,             0.78581,             0.64997,            0.015748,           0.0091265,            0.019097,            0.001354,            0.001354,            0.001354
                 264,            0.011803,           0.0032662,           0.0011957,             0.79714,             0.66733,             0.77852,              0.6515,            0.016004,            0.009217,            0.019177,            0.001321,            0.001321,            0.001321
                 265,            0.011257,           0.0031248,           0.0013816,             0.82351,             0.63351,             0.77697,             0.65036,            0.015498,           0.0090143,            0.019463,            0.001288,            0.001288,            0.001288
                 266,            0.011034,           0.0032803,          0.00088076,             0.82619,             0.64317,             0.78066,             0.65016,            0.015867,           0.0089486,            0.019355,            0.001255,            0.001255,            0.001255
                 267,            0.011278,           0.0031249,           0.0020774,             0.84202,             0.65764,             0.79747,             0.66819,            0.015881,           0.0086623,            0.019137,            0.001222,            0.001222,            0.001222
                 268,            0.010436,            0.002942,            0.001948,             0.80207,             0.66749,             0.80532,             0.67495,            0.015504,           0.0080654,            0.018666,            0.001189,            0.001189,            0.001189
                 269,            0.010944,           0.0030517,           0.0010515,             0.77125,             0.67538,             0.80681,             0.68035,            0.014805,           0.0078996,            0.018894,            0.001156,            0.001156,            0.001156
                 270,            0.010448,           0.0028741,           0.0010832,              0.8148,             0.63503,             0.80387,             0.67219,            0.015552,           0.0080485,            0.019009,            0.001123,            0.001123,            0.001123
                 271,            0.010256,           0.0030185,           0.0015913,             0.82406,             0.62608,             0.78692,             0.66467,            0.015532,           0.0084437,            0.019642,             0.00109,             0.00109,             0.00109
                 272,            0.010294,           0.0028175,           0.0011472,             0.84714,             0.58623,             0.78124,             0.65886,             0.01586,             0.00895,             0.01992,            0.001057,            0.001057,            0.001057
                 273,            0.010743,           0.0030407,           0.0019088,              0.8197,             0.63073,             0.78652,             0.65554,            0.015958,           0.0084159,            0.020773,            0.001024,            0.001024,            0.001024
                 274,            0.009932,           0.0029507,           0.0013769,              0.8069,             0.64844,             0.78297,             0.65734,            0.015414,           0.0080708,            0.021075,            0.000991,            0.000991,            0.000991
                 275,            0.010327,           0.0029278,           0.0015882,             0.80184,             0.66799,             0.77817,             0.64974,            0.015433,           0.0080291,            0.020882,            0.000958,            0.000958,            0.000958
                 276,           0.0096604,           0.0029484,           0.0011851,             0.84431,             0.62423,             0.77595,             0.64815,            0.015585,           0.0080682,             0.02066,            0.000925,            0.000925,            0.000925
                 277,            0.010508,           0.0030292,           0.0016735,             0.86745,              0.6167,             0.77303,             0.64937,            0.015432,           0.0082852,            0.020665,            0.000892,            0.000892,            0.000892
                 278,             0.01045,            0.003098,            0.001241,             0.83866,             0.64013,             0.78169,               0.659,            0.015707,           0.0083329,            0.020213,            0.000859,            0.000859,            0.000859
                 279,            0.010433,            0.003075,           0.0013903,             0.84648,             0.63172,             0.78647,             0.66362,            0.015269,           0.0082516,            0.019684,            0.000826,            0.000826,            0.000826
                 280,            0.010283,           0.0030465,          0.00089679,             0.86572,             0.59922,             0.79416,              0.6681,            0.015231,           0.0082358,            0.019439,            0.000793,            0.000793,            0.000793
                 281,            0.009897,           0.0031048,          0.00064109,             0.81537,             0.63892,             0.79502,             0.67268,            0.014839,           0.0082354,             0.01942,             0.00076,             0.00076,             0.00076
                 282,              0.0103,            0.002912,           0.0017139,              0.8176,              0.6498,             0.79514,             0.66838,            0.014972,            0.008202,             0.01957,            0.000727,            0.000727,            0.000727
                 283,           0.0095476,           0.0028595,          0.00075076,             0.82833,              0.6435,              0.7953,             0.66142,            0.015626,           0.0081824,            0.019797,            0.000694,            0.000694,            0.000694
                 284,             0.01004,           0.0029079,           0.0011466,             0.83454,             0.63978,              0.7937,             0.66005,            0.015431,           0.0082379,            0.020098,            0.000661,            0.000661,            0.000661
                 285,           0.0095332,            0.003003,          0.00079551,              0.8002,              0.6709,              0.7958,             0.66013,            0.015481,           0.0082199,            0.020369,            0.000628,            0.000628,            0.000628
                 286,           0.0095303,            0.003155,          0.00099866,             0.79205,             0.66993,             0.79899,             0.66563,            0.015577,           0.0082068,            0.020924,            0.000595,            0.000595,            0.000595
                 287,            0.009587,           0.0030431,          0.00094431,             0.79417,             0.67128,             0.80087,             0.67207,            0.015243,           0.0080497,            0.020574,            0.000562,            0.000562,            0.000562
                 288,            0.010126,           0.0030565,           0.0011313,             0.79277,             0.67165,             0.80138,             0.67232,            0.015409,           0.0080293,            0.020152,            0.000529,            0.000529,            0.000529
                 289,           0.0099952,           0.0031542,           0.0011494,             0.78814,             0.67152,             0.79369,             0.65965,            0.015916,           0.0082943,            0.020002,            0.000496,            0.000496,            0.000496
                 290,           0.0095621,           0.0028973,          0.00055033,             0.76135,             0.71943,             0.78579,             0.65981,            0.015233,           0.0085701,            0.019866,            0.000463,            0.000463,            0.000463
                 291,           0.0096682,           0.0029423,          0.00074072,             0.82483,             0.63373,             0.78374,             0.66185,            0.015138,           0.0087685,            0.019827,             0.00043,             0.00043,             0.00043
                 292,           0.0099372,           0.0028967,           0.0014799,             0.82814,             0.63478,             0.78107,             0.65841,            0.015209,           0.0085797,            0.019826,            0.000397,            0.000397,            0.000397
                 293,           0.0097603,           0.0030363,           0.0010262,             0.77234,             0.70054,             0.78248,             0.66309,             0.01504,           0.0082534,            0.019937,            0.000364,            0.000364,            0.000364
                 294,           0.0095061,           0.0030987,           0.0014841,             0.76718,             0.71477,             0.78338,             0.66286,            0.015033,           0.0080684,            0.019994,            0.000331,            0.000331,            0.000331
                 295,            0.010035,           0.0032446,          0.00086926,             0.76984,             0.71133,             0.78324,             0.66701,            0.014646,           0.0080962,            0.019994,            0.000298,            0.000298,            0.000298
                 296,           0.0090774,           0.0029558,           0.0013609,             0.78009,             0.71072,             0.78125,             0.66041,            0.014868,           0.0082602,            0.020012,            0.000265,            0.000265,            0.000265
                 297,           0.0092975,           0.0027961,            0.001192,             0.85992,             0.62595,             0.77337,              0.6583,            0.015044,           0.0084476,            0.020264,            0.000232,            0.000232,            0.000232
                 298,            0.009169,           0.0027264,            0.001069,             0.88293,             0.60457,             0.77104,             0.64995,            0.015066,           0.0085888,            0.020448,            0.000199,            0.000199,            0.000199
                 299,           0.0090483,           0.0028803,           0.0012697,             0.88386,             0.60502,             0.76804,             0.65167,            0.015061,           0.0088807,            0.020335,            0.000166,            0.000166,            0.000166
